k,insPar,filter,mem_size,time,steps
20,10,10000,20,2.483000,3711
20,10,50000,20,47.129000,6667
20,10,100000,20,56.062000,7941
20,10,500000,20,61.067000,8341
20,10,1000000,20,66.174000,8341
